0,1,2,3,4,5,6,7,8,9,10,11
0.174825174825175,0.14285714285714285,0.2222222222222222,0.1111111111111111,0.0,0.0,0.1111111111111111,0.1111111111111111,0.2222222222222222,0.0,0.0,0.8114343029087261
0.8209790209790206,0.14285714285714285,0.0,0.0,0.0,0.0,0.1111111111111111,0.0,0.1111111111111111,0.0,0.0,0.6449348044132397
0.4041958041958047,0.42857142857142855,1.0,0.3333333333333333,0.5555555555555556,0.0,0.1111111111111111,1.0,0.4444444444444445,0.2222222222222222,0.0,0.12637913741223672
0.33286713286713265,0.14285714285714285,0.7777777777777777,0.3333333333333333,0.5555555555555556,0.2222222222222222,0.2222222222222222,0.0,0.3333333333333333,0.2222222222222222,0.0,0.22968906720160476
0.0,0.14285714285714285,0.1111111111111111,0.8888888888888888,0.6666666666666665,0.2222222222222222,0.1111111111111111,0.3333333333333333,1.0,0.6666666666666665,0.6666666666666665,0.14643931795386167
0.988811188811189,0.42857142857142855,0.4444444444444445,1.0,1.0,0.4444444444444445,0.3333333333333333,0.4444444444444445,0.3333333333333333,0.3333333333333333,0.0,0.5566700100300903
0.418181818181818,0.42857142857142855,1.0,0.3333333333333333,0.3333333333333333,0.5555555555555556,0.1111111111111111,1.0,0.1111111111111111,0.2222222222222222,0.0,0.16048144433299893
0.7006993006993003,0.42857142857142855,0.4444444444444445,0.7777777777777777,0.8888888888888888,0.3333333333333333,0.2222222222222222,1.0,0.6666666666666665,0.0,0.0,0.9388164493480442
0.5048951048951054,0.14285714285714285,0.3333333333333333,0.0,0.0,0.0,0.2222222222222222,0.0,0.1111111111111111,0.1111111111111111,0.0,0.913741223671013
0.38881118881118937,0.42857142857142855,0.2222222222222222,0.2222222222222222,0.4444444444444445,0.1111111111111111,0.2222222222222222,1.0,0.6666666666666665,0.0,0.0,0.21865596790371122
0.16223776223776198,0.14285714285714285,0.0,0.2222222222222222,0.0,0.1111111111111111,0.1111111111111111,0.1111111111111111,0.4444444444444445,0.2222222222222222,0.1111111111111111,0.47241725175526583
0.31888111888111936,0.42857142857142855,0.3333333333333333,0.0,0.0,0.2222222222222222,0.0,0.4444444444444445,0.1111111111111111,0.0,0.0,0.8635907723169509
0.45734265734265733,0.14285714285714285,0.2222222222222222,0.0,0.0,0.0,0.1111111111111111,0.6666666666666665,0.2222222222222222,0.0,0.0,0.4122367101303912
0.9622377622377627,0.14285714285714285,0.1111111111111111,0.0,0.0,0.0,0.1111111111111111,0.0,0.2222222222222222,0.0,0.0,0.6268806419257773
0.383216783216783,0.42857142857142855,1.0,0.7777777777777777,0.7777777777777777,0.1111111111111111,0.2222222222222222,0.3333333333333333,0.7777777777777777,0.6666666666666665,0.7777777777777777,0.9889669007021062
0.65034965034965,0.42857142857142855,0.7777777777777777,0.7777777777777777,0.8888888888888888,0.5555555555555556,0.5555555555555556,0.2222222222222222,1.0,1.0,0.0,0.5737211634904713
0.20139860139860133,0.14285714285714285,0.3333333333333333,0.0,0.1111111111111111,0.0,0.1111111111111111,0.0,0.1111111111111111,0.0,0.0,0.15245737211634913
0.5650349650349646,0.14285714285714285,0.3333333333333333,0.0,0.0,0.0,0.1111111111111111,0.0,0.0,0.0,0.0,0.5837512537612839
0.5538461538461537,0.14285714285714285,0.4444444444444445,0.0,0.0,0.0,0.2222222222222222,0.1111111111111111,0.1111111111111111,0.1111111111111111,0.0,0.04714142427281853
0.9048951048951057,0.14285714285714285,0.4444444444444445,0.0,0.0,0.0,0.1111111111111111,0.0,0.1111111111111111,0.0,0.0,0.0611835506519558
0.7286713286713287,0.14285714285714285,0.4444444444444445,0.0,0.0,0.0,0.1111111111111111,0.0,0.1111111111111111,0.0,0.0,0.3430290872617854
0.3748251748251761,0.42857142857142855,0.7777777777777777,0.7777777777777777,0.8888888888888888,0.3333333333333333,0.4444444444444445,1.0,0.6666666666666665,0.7777777777777777,0.0,0.37913741223671016
0.9174825174825187,0.14285714285714285,0.3333333333333333,0.0,0.0,0.2222222222222222,0.1111111111111111,0.0,0.0,0.0,0.0,0.3560682046138415
0.7650349650349657,0.14285714285714285,0.2222222222222222,0.0,0.0,0.0,0.1111111111111111,0.0,0.1111111111111111,0.0,0.0,0.8746238716148445
0.4335664335664333,0.42857142857142855,0.7777777777777777,0.2222222222222222,0.3333333333333333,0.8888888888888888,0.2222222222222222,1.0,0.2222222222222222,0.2222222222222222,0.0,0.7743229689067201
0.0643356643356654,0.14285714285714285,0.5555555555555556,0.5555555555555556,0.5555555555555556,0.8888888888888888,0.5555555555555556,0.1111111111111111,0.6666666666666665,0.7777777777777777,0.0,0.15145436308926774
0.36503496503496535,0.42857142857142855,0.4444444444444445,0.5555555555555556,0.5555555555555556,0.1111111111111111,0.3333333333333333,1.0,0.2222222222222222,0.5555555555555556,0.0,0.5305917753259779
0.2727272727272734,0.14285714285714285,0.0,0.1111111111111111,0.2222222222222222,0.0,0.1111111111111111,0.0,0.2222222222222222,0.0,0.0,0.9408224674022065
1.0,1.0,1.0,0.8888888888888888,0.1111111111111111,1.0,0.5555555555555556,0.7777777777777777,0.5555555555555556,0.7777777777777777,0.7777777777777777,0.33500501504513536
0.837762237762238,0.14285714285714285,0.4444444444444445,0.0,0.0,0.5555555555555556,0.2222222222222222,0.0,0.0,0.0,0.0,0.36108324974924777
0.14965034965035073,0.42857142857142855,0.1111111111111111,0.2222222222222222,0.3333333333333333,0.3333333333333333,0.1111111111111111,0.4444444444444445,0.1111111111111111,0.4444444444444445,0.0,0.8304914744232699
0.6783216783216783,0.14285714285714285,0.3333333333333333,0.0,0.1111111111111111,0.0,0.1111111111111111,0.0,0.0,0.0,0.0,0.35707121364092287
0.7482517482517483,0.14285714285714285,0.2222222222222222,0.0,0.0,0.1111111111111111,0.1111111111111111,0.0,0.0,0.0,0.0,0.9859578736208625
0.47832167832167904,0.42857142857142855,0.5555555555555556,0.4444444444444445,0.4444444444444445,0.7777777777777777,0.3333333333333333,1.0,0.2222222222222222,0.3333333333333333,0.0,0.09327983951855567
0.13986013986014,0.14285714285714285,0.1111111111111111,0.0,0.0,0.0,0.1111111111111111,0.0,0.2222222222222222,0.0,0.0,0.11534603811434296
0.5188811188811187,0.14285714285714285,0.1111111111111111,0.0,0.0,0.0,0.1111111111111111,0.0,0.1111111111111111,0.0,0.0,0.12938816449348045
0.895104895104895,0.14285714285714285,0.4444444444444445,0.0,0.0,0.1111111111111111,0.0,0.0,0.1111111111111111,0.0,0.0,1.0000000000000002
0.4937062937062944,0.14285714285714285,0.0,0.0,0.0,0.0,0.0,0.0,0.0,0.2222222222222222,0.0,0.7061183550651955
0.2503496503496514,0.42857142857142855,0.5555555555555556,1.0,1.0,1.0,0.7777777777777777,1.0,1.0,1.0,0.6666666666666665,0.5667001003009027
0.4251748251748264,0.14285714285714285,0.7777777777777777,0.1111111111111111,0.0,0.0,0.4444444444444445,0.0,0.0,0.0,0.0,0.7031093279839518
0.593006993006993,0.14285714285714285,0.0,0.0,0.0,0.0,0.1111111111111111,0.0,0.1111111111111111,0.0,0.0,0.48846539618856566
0.9608391608391607,0.14285714285714285,0.2222222222222222,0.1111111111111111,0.0,0.1111111111111111,0.1111111111111111,0.0,0.2222222222222222,0.0,0.0,0.7642928786359078
0.20839160839160797,0.14285714285714285,0.0,0.0,0.0,0.0,0.1111111111111111,0.4444444444444445,0.0,0.0,0.0,0.7723169508525576
0.17342657342657297,0.14285714285714285,0.0,0.0,0.0,0.0,0.3333333333333333,0.2222222222222222,0.0,0.0,0.0,0.8856569709127382
0.9468531468531474,0.14285714285714285,0.3333333333333333,0.0,0.0,0.0,0.1111111111111111,0.0,0.2222222222222222,0.0,0.0,0.15045135406218657
0.8685314685314687,0.14285714285714285,0.3333333333333333,0.0,0.0,0.1111111111111111,0.1111111111111111,0.0,0.0,0.0,0.0,0.6820461384152456
0.2587412587412583,0.42857142857142855,0.4444444444444445,0.2222222222222222,0.2222222222222222,0.2222222222222222,0.5555555555555556,1.0,0.2222222222222222,0.0,0.0,0.26178535606820463
0.62937062937063,0.14285714285714285,0.0,0.0,0.0,0.2222222222222222,0.1111111111111111,0.2222222222222222,0.0,0.0,0.0,0.24172517552657968
0.709090909090909,0.14285714285714285,0.3333333333333333,0.1111111111111111,0.0,0.0,0.1111111111111111,0.0,0.0,0.0,0.0,0.559679037111334
0.9860139860139867,0.14285714285714285,0.0,0.0,0.0,0.0,0.1111111111111111,0.0,0.0,0.0,0.7777777777777777,0.5025075225677031
0.583216783216784,0.14285714285714285,0.0,0.0,0.0,0.0,0.1111111111111111,0.0,0.1111111111111111,0.0,0.0,0.1534603811434303
0.44895104895104865,0.14285714285714285,0.3333333333333333,0.5555555555555556,0.4444444444444445,0.5555555555555556,0.6666666666666665,0.2222222222222222,0.3333333333333333,0.8888888888888888,0.0,0.7482447342026077
0.9230769230769234,0.14285714285714285,0.1111111111111111,0.0,0.0,0.0,0.1111111111111111,0.0,0.0,0.0,0.0,0.9307923771313942
0.19860139860139903,0.14285714285714285,0.3333333333333333,0.0,0.0,0.0,0.1111111111111111,0.0,0.1111111111111111,0.0,0.0,0.6339017051153459
0.197202797202797,0.14285714285714285,0.4444444444444445,0.0,0.0,0.0,0.1111111111111111,0.1111111111111111,0.2222222222222222,0.2222222222222222,0.0,0.23570712136409222
0.7468531468531481,0.14285714285714285,0.2222222222222222,0.0,0.0,0.0,0.1111111111111111,0.0,0.1111111111111111,0.0,0.0,0.1624874623871615
0.4475524475524484,0.14285714285714285,0.0,0.0,0.0,0.0,0.0,0.0,0.1111111111111111,0.0,0.0,0.40621865596790374
0.026573426573426318,0.14285714285714285,0.0,0.0,0.0,0.0,0.1111111111111111,0.2222222222222222,0.2222222222222222,0.0,0.0,0.6770310932798396
0.24055944055944067,0.42857142857142855,0.4444444444444445,0.5555555555555556,0.6666666666666665,0.7777777777777777,0.7777777777777777,1.0,0.2222222222222222,1.0,0.2222222222222222,0.47642928786359073
0.8125874125874137,0.14285714285714285,0.3333333333333333,0.0,0.0,0.0,0.1111111111111111,0.2222222222222222,0.1111111111111111,0.0,0.0,0.7913741223671014
0.4363636363636374,0.14285714285714285,0.0,0.0,0.0,0.0,0.1111111111111111,0.0,0.2222222222222222,0.0,0.0,0.6148445336008024
0.931468531468532,0.14285714285714285,0.2222222222222222,0.0,0.0,0.1111111111111111,0.2222222222222222,0.3333333333333333,0.0,0.0,0.0,0.23871614844533595
0.01678321678321737,0.14285714285714285,0.0,0.0,0.0,0.0,0.1111111111111111,1.0,0.2222222222222222,0.0,0.0,0.5075225677031094
0.4265734265734267,0.42857142857142855,0.8888888888888888,0.0,0.1111111111111111,0.5555555555555556,0.3333333333333333,1.0,0.6666666666666665,0.6666666666666665,0.1111111111111111,0.7392176529588765
0.034965034965035,0.14285714285714285,0.5555555555555556,0.0,0.0,0.0,0.1111111111111111,0.0,0.2222222222222222,0.0,0.0,0.6659979939819458
0.745454545454546,0.42857142857142855,0.6666666666666665,0.4444444444444445,0.5555555555555556,1.0,0.3333333333333333,1.0,0.4444444444444445,0.2222222222222222,0.0,0.9699097291875627
0.23636363636363633,0.14285714285714285,0.0,0.0,0.0,0.1111111111111111,0.0,0.2222222222222222,0.0,0.0,0.6666666666666665,0.47642928786359073
0.9440559440559451,0.14285714285714285,0.0,0.0,0.0,0.0,0.1111111111111111,0.0,0.0,0.0,0.0,0.5075225677031094
0.594405594405595,0.14285714285714285,0.4444444444444445,0.1111111111111111,0.1111111111111111,0.1111111111111111,0.1111111111111111,0.1111111111111111,0.2222222222222222,0.1111111111111111,0.1111111111111111,0.6268806419257773
0.3426573426573434,0.42857142857142855,1.0,0.3333333333333333,0.2222222222222222,0.1111111111111111,0.2222222222222222,1.0,0.4444444444444445,0.2222222222222222,0.1111111111111111,0.06720160481444326
0.4167832167832177,0.42857142857142855,0.7777777777777777,0.7777777777777777,0.7777777777777777,0.0,0.1111111111111111,0.2222222222222222,0.5555555555555556,1.0,0.0,0.22668004012036103
0.6377622377622387,0.14285714285714285,0.0,0.0,0.0,0.0,0.0,0.0,0.0,0.0,0.0,0.32196589769307926
0.3804195804195807,0.42857142857142855,1.0,1.0,0.5555555555555556,0.2222222222222222,0.2222222222222222,1.0,0.3333333333333333,0.2222222222222222,0.1111111111111111,0.456369107321966
0.2153846153846164,0.14285714285714285,0.2222222222222222,0.0,0.0,0.2222222222222222,0.7777777777777777,0.0,0.4444444444444445,0.7777777777777777,0.0,0.7091273821464392
0.17622377622377705,0.14285714285714285,0.0,0.0,0.1111111111111111,0.1111111111111111,0.1111111111111111,0.0,0.2222222222222222,0.0,0.0,0.8996990972918757
0.6923076923076934,0.14285714285714285,0.0,0.0,0.0,0.2222222222222222,0.0,0.2222222222222222,0.0,0.0,0.0,0.8174523570712136
0.476923076923077,0.14285714285714285,0.0,0.0,0.0,0.0,0.1111111111111111,0.0,0.0,0.0,0.0,0.46339017051153464
0.4013986013986024,0.14285714285714285,0.1111111111111111,0.0,0.0,0.1111111111111111,0.1111111111111111,0.0,0.2222222222222222,0.0,0.0,0.41023069207622864
0.15804195804195764,0.42857142857142855,0.0,0.5555555555555556,0.7777777777777777,1.0,0.7777777777777777,1.0,0.4444444444444445,0.6666666666666665,0.0,0.11935807422266809
0.5426573426573427,0.42857142857142855,1.0,0.5555555555555556,0.2222222222222222,0.5555555555555556,0.3333333333333333,1.0,0.6666666666666665,0.7777777777777777,0.3333333333333333,0.5125376128385155
0.2419580419580427,0.42857142857142855,1.0,0.7777777777777777,1.0,1.0,0.5555555555555556,0.0,0.2222222222222222,0.0,1.0,0.25977933801404207
0.8349650349650357,0.42857142857142855,0.5555555555555556,1.0,0.4444444444444445,0.4444444444444445,0.3333333333333333,1.0,0.5555555555555556,1.0,0.0,0.31394182547642924
0.8223776223776227,0.42857142857142855,1.0,0.8888888888888888,0.6666666666666665,0.2222222222222222,0.3333333333333333,0.1111111111111111,0.6666666666666665,0.6666666666666665,0.0,0.962888665997994
0.07972027972028073,0.42857142857142855,0.4444444444444445,0.2222222222222222,0.2222222222222222,0.3333333333333333,0.1111111111111111,0.3333333333333333,0.2222222222222222,0.3333333333333333,0.0,0.9257773319959879
0.987412587412587,0.14285714285714285,0.0,0.0,0.0,0.2222222222222222,0.1111111111111111,0.0,0.0,0.0,0.0,0.4082246740220663
0.3104895104895107,0.14285714285714285,0.0,0.0,0.0,0.0,0.1111111111111111,0.0,0.1111111111111111,0.0,0.0,0.2146439317953861
0.39160839160839167,0.14285714285714285,0.2222222222222222,0.0,0.0,0.0,0.1111111111111111,0.0,0.2222222222222222,0.1111111111111111,0.0,0.3299899699097293
0.023776223776224015,0.14285714285714285,0.1111111111111111,0.0,0.0,0.0,0.1111111111111111,0.0,0.1111111111111111,0.0,0.0,0.629889669007021
0.918881118881119,0.14285714285714285,0.2222222222222222,0.0,0.0,0.0,0.1111111111111111,0.0,0.1111111111111111,0.0,0.0,0.9187562688064193
0.4503496503496507,0.42857142857142855,0.4444444444444445,0.4444444444444445,0.4444444444444445,0.1111111111111111,0.4444444444444445,1.0,0.3333333333333333,0.2222222222222222,0.0,0.051153460381143434
0.35664335664335667,0.14285714285714285,0.2222222222222222,0.0,0.0,0.0,0.1111111111111111,0.0,0.2222222222222222,0.0,0.0,0.8535606820461383
0.6139860139860147,0.14285714285714285,0.4444444444444445,0.0,0.0,0.0,0.1111111111111111,0.0,0.1111111111111111,0.1111111111111111,0.0,0.8174523570712136
0.9580419580419584,0.42857142857142855,0.4444444444444445,1.0,1.0,0.7777777777777777,0.4444444444444445,0.4444444444444445,0.6666666666666665,1.0,0.0,0.3029087261785357
0.26573426573426673,0.42857142857142855,0.7777777777777777,0.6666666666666665,0.5555555555555556,0.3333333333333333,0.3333333333333333,1.0,0.4444444444444445,0.0,0.0,0.6649949849548646
0.6461538461538474,0.14285714285714285,0.1111111111111111,0.2222222222222222,0.0,0.0,0.2222222222222222,0.0,0.0,0.0,0.0,0.4613841524573721
0.883916083916084,0.14285714285714285,0.2222222222222222,0.0,0.0,0.0,0.1111111111111111,0.0,0.1111111111111111,0.0,0.0,0.7492477432296891
0.8321678321678334,0.42857142857142855,0.4444444444444445,0.6666666666666665,1.0,0.5555555555555556,0.4444444444444445,1.0,0.6666666666666665,0.4444444444444445,0.0,0.695085255767302
0.13146853146853132,0.14285714285714285,0.3333333333333333,0.0,0.0,0.0,0.1111111111111111,0.0,0.2222222222222222,0.0,0.0,0.5245737211634904
0.25174825174825166,0.42857142857142855,0.7777777777777777,0.5555555555555556,0.4444444444444445,0.3333333333333333,0.2222222222222222,1.0,0.5555555555555556,0.0,0.0,0.7632898696088264
0.42097902097902207,0.42857142857142855,0.4444444444444445,0.4444444444444445,0.6666666666666665,0.7777777777777777,0.5555555555555556,1.0,0.6666666666666665,0.3333333333333333,0.0,0.7061183550651955
0.627972027972028,0.14285714285714285,0.4444444444444445,0.1111111111111111,0.1111111111111111,0.3333333333333333,0.1111111111111111,0.3333333333333333,0.0,0.0,0.0,0.6318956870611836
0.7356643356643353,0.14285714285714285,0.0,0.0,0.0,0.0,0.0,0.0,0.0,0.0,0.0,0.2898696088264794
0.6895104895104893,0.14285714285714285,0.4444444444444445,0.0,0.1111111111111111,0.0,0.1111111111111111,0.0,0.0,0.0,0.0,0.6910732196589768
0.955244755244756,0.14285714285714285,0.2222222222222222,0.0,0.0,0.0,0.1111111111111111,0.0,0.2222222222222222,0.0,0.0,0.6629889669007021
0.8825174825174837,0.14285714285714285,0.3333333333333333,0.0,0.2222222222222222,0.0,0.1111111111111111,0.0,0.1111111111111111,0.0,0.0,0.9207622868605818
0.6307692307692321,0.14285714285714285,0.0,0.0,0.0,0.0,0.1111111111111111,0.1111111111111111,0.0,0.0,0.0,0.8034102306920763
0.006993006993006645,0.14285714285714285,0.2222222222222222,0.0,0.0,0.0,0.1111111111111111,1.0,0.0,0.0,0.0,0.004012036108324901
0.9804195804195803,0.14285714285714285,0.0,0.0,0.0,0.0,0.1111111111111111,0.0,0.0,0.0,0.0,0.26078234704112346
0.06293706293706336,0.42857142857142855,0.1111111111111111,0.4444444444444445,0.2222222222222222,0.2222222222222222,0.5555555555555556,0.6666666666666665,0.6666666666666665,0.4444444444444445,0.0,0.16950852557673013
0.5874125874125884,0.14285714285714285,0.4444444444444445,0.0,0.1111111111111111,0.0,0.1111111111111111,0.0,0.2222222222222222,0.0,0.0,0.23871614844533595
0.813986013986014,0.42857142857142855,0.7777777777777777,0.3333333333333333,0.3333333333333333,0.0,0.5555555555555556,1.0,0.1111111111111111,0.4444444444444445,0.1111111111111111,0.7011033099297894
0.2391608391608404,0.14285714285714285,0.3333333333333333,0.0,0.0,0.0,0.1111111111111111,0.1111111111111111,0.2222222222222222,0.1111111111111111,0.0,0.8415245737211634
0.022377622377621975,0.14285714285714285,0.0,0.0,0.0,0.0,0.0,0.0,0.2222222222222222,0.0,0.0,0.034102306920762215
0.0671328671328677,0.42857142857142855,0.5555555555555556,1.0,1.0,0.1111111111111111,0.7777777777777777,1.0,0.6666666666666665,0.2222222222222222,0.2222222222222222,0.9187562688064193
0.966433566433567,0.14285714285714285,0.3333333333333333,0.0,0.3333333333333333,0.0,0.1111111111111111,0.0,0.0,0.0,0.0,0.9438314944834503
0.9160839160839167,0.14285714285714285,0.4444444444444445,0.0,0.0,0.2222222222222222,0.1111111111111111,0.0,0.0,0.0,0.0,0.4343029087261785
0.004195804195804342,0.0,0.5555555555555556,1.0,0.6666666666666665,0.2222222222222222,0.1111111111111111,0.3333333333333333,0.5555555555555556,0.5555555555555556,0.5555555555555556,0.3981945837512537
0.6951048951048957,0.42857142857142855,1.0,1.0,1.0,1.0,0.5555555555555556,1.0,0.7777777777777777,0.0,0.4444444444444445,0.7191574724172518
0.6069930069930081,0.42857142857142855,0.7777777777777777,0.6666666666666665,0.7777777777777777,0.1111111111111111,0.3333333333333333,0.1111111111111111,0.4444444444444445,1.0,0.0,0.5225677031093281
0.441958041958042,0.14285714285714285,0.1111111111111111,0.0,0.0,0.0,0.2222222222222222,0.0,0.1111111111111111,0.0,0.0,0.33099297893681046
0.9216783216783213,0.14285714285714285,0.0,0.0,0.0,0.0,0.1111111111111111,0.0,0.0,0.0,0.0,0.33099297893681046
0.395804195804196,0.14285714285714285,0.0,0.0,0.0,0.0,0.1111111111111111,0.0,0.1111111111111111,0.0,0.0,0.7853560682046139
0.1342657342657354,0.14285714285714285,0.0,0.0,0.0,0.0,0.1111111111111111,0.0,0.2222222222222222,0.0,0.0,0.27783350050150446
0.3986013986013983,0.42857142857142855,1.0,0.4444444444444445,0.6666666666666665,0.2222222222222222,0.2222222222222222,0.6666666666666665,0.2222222222222222,0.2222222222222222,0.7777777777777777,0.868605817452357
0.9986013986013997,0.42857142857142855,0.3333333333333333,0.7777777777777777,0.7777777777777777,0.4444444444444445,0.3333333333333333,0.4444444444444445,1.0,0.3333333333333333,0.0,0.921765295887663
0.314685314685315,0.14285714285714285,0.5555555555555556,0.0,0.2222222222222222,0.0,0.1111111111111111,0.0,0.2222222222222222,0.0,0.0,0.2146439317953861
0.03636363636363704,0.42857142857142855,0.6666666666666665,0.2222222222222222,0.1111111111111111,1.0,0.4444444444444445,1.0,0.4444444444444445,0.3333333333333333,0.3333333333333333,0.4994984954864594
0.9482517482517494,0.14285714285714285,0.0,0.0,0.2222222222222222,0.0,0.1111111111111111,0.0,0.1111111111111111,0.0,0.0,0.7211634904714141
0.36783216783216766,0.14285714285714285,0.2222222222222222,0.0,0.0,0.0,0.1111111111111111,0.0,0.1111111111111111,0.0,0.0,0.8425275827482448
0.06993006993007,0.42857142857142855,1.0,1.0,1.0,0.3333333333333333,0.7777777777777777,0.0,0.7777777777777777,1.0,0.0,0.9047141424272818
0.5090909090909097,0.42857142857142855,0.7777777777777777,1.0,0.4444444444444445,0.2222222222222222,0.7777777777777777,0.3333333333333333,0.3333333333333333,1.0,0.2222222222222222,0.1494483450351054
0.3202797202797214,0.42857142857142855,0.6666666666666665,0.4444444444444445,0.5555555555555556,0.2222222222222222,0.2222222222222222,0.7777777777777777,0.6666666666666665,0.3333333333333333,0.0,0.6980942828485457
0.05174825174825237,0.14285714285714285,0.1111111111111111,0.0,0.0,0.0,0.1111111111111111,0.0,0.2222222222222222,0.0,0.0,0.36509528585757267
0.21958041958042074,0.42857142857142855,0.6666666666666665,0.1111111111111111,0.3333333333333333,0.0,0.5555555555555556,1.0,0.4444444444444445,0.3333333333333333,0.2222222222222222,0.6288866599799399
0.3314685314685324,0.42857142857142855,0.5555555555555556,0.7777777777777777,0.6666666666666665,0.4444444444444445,0.5555555555555556,0.7777777777777777,0.7777777777777777,0.8888888888888888,0.1111111111111111,0.7181544633901704
0.9594405594405604,0.42857142857142855,0.2222222222222222,1.0,0.6666666666666665,0.7777777777777777,0.4444444444444445,0.7777777777777777,0.6666666666666665,0.3333333333333333,0.0,0.324974924774323
0.523076923076923,0.42857142857142855,0.4444444444444445,0.7777777777777777,0.7777777777777777,1.0,0.4444444444444445,1.0,0.7777777777777777,1.0,0.2222222222222222,0.9117352056168506
0.5174825174825184,0.14285714285714285,0.1111111111111111,0.0,0.0,0.0,0.1111111111111111,0.0,0.2222222222222222,0.0,0.0,0.4072216649949849
0.24475524475524502,0.14285714285714285,0.0,0.0,0.0,0.1111111111111111,0.0,0.0,0.0,0.0,0.0,0.0030090270812437314
0.848951048951049,0.42857142857142855,1.0,0.2222222222222222,0.3333333333333333,0.4444444444444445,0.2222222222222222,1.0,0.3333333333333333,0.0,0.0,0.37913741223671016
0.7972027972027984,0.14285714285714285,0.4444444444444445,0.1111111111111111,0.1111111111111111,0.1111111111111111,0.0,0.0,0.1111111111111111,0.0,0.0,0.11534603811434296
0.7384615384615394,0.14285714285714285,0.2222222222222222,0.0,0.1111111111111111,0.1111111111111111,0.1111111111111111,0.0,0.0,0.0,0.0,0.6529588766298897
0.27132867132867133,0.42857142857142855,0.4444444444444445,0.7777777777777777,0.3333333333333333,1.0,0.4444444444444445,0.7777777777777777,0.8888888888888888,1.0,0.0,0.8676028084252758
0.8517482517482513,0.42857142857142855,0.3333333333333333,0.7777777777777777,0.5555555555555556,0.2222222222222222,0.3333333333333333,1.0,0.6666666666666665,0.0,0.0,0.1975927783350051
0.8629370629370641,0.14285714285714285,0.3333333333333333,0.0,0.0,0.0,0.1111111111111111,0.0,0.1111111111111111,0.0,0.0,0.41524573721163494
0.6251748251748257,0.14285714285714285,0.4444444444444445,0.0,0.0,0.0,0.1111111111111111,0.0,0.0,0.0,0.0,0.29989969909729197
0.6545454545454543,0.14285714285714285,0.4444444444444445,0.0,0.0,0.2222222222222222,0.1111111111111111,0.0,0.0,0.0,0.0,0.5245737211634904
0.8643356643356643,0.42857142857142855,0.4444444444444445,0.3333333333333333,0.5555555555555556,0.7777777777777777,0.3333333333333333,0.0,0.7777777777777777,1.0,0.0,0.4874623871614845
0.965034965034965,0.14285714285714285,0.0,0.0,0.0,0.0,0.1111111111111111,0.0,0.1111111111111111,0.0,0.0,0.8525576730190572
0.8335664335664337,0.0,0.6666666666666665,1.0,0.0,1.0,0.8888888888888888,0.1111111111111111,0.1111111111111111,0.6666666666666665,0.0,0.9327983951855567
0.86013986013986,0.14285714285714285,0.2222222222222222,0.0,0.0,0.0,0.1111111111111111,0.0,0.1111111111111111,0.0,0.0,0.24473420260782341
0.09370629370629402,0.14285714285714285,0.0,0.0,0.0,0.0,0.1111111111111111,0.1111111111111111,0.1111111111111111,0.0,0.0,0.1354062186559679
0.6489510489510497,0.42857142857142855,1.0,0.5555555555555556,0.4444444444444445,0.7777777777777777,0.4444444444444445,1.0,0.7777777777777777,0.5555555555555556,0.0,0.843530591775326
0.23496503496503607,0.14285714285714285,0.2222222222222222,0.0,0.0,0.0,0.1111111111111111,0.0,0.2222222222222222,0.0,0.0,0.033099297893681046
0.6573426573426584,0.14285714285714285,0.5555555555555556,0.0,0.0,0.2222222222222222,0.1111111111111111,0.0,0.0,0.0,0.0,0.7031093279839518
0.22657342657342738,0.14285714285714285,0.0,0.1111111111111111,0.1111111111111111,0.0,0.1111111111111111,0.0,0.1111111111111111,0.0,0.0,0.24172517552657968
0.43216783216783305,0.14285714285714285,0.0,0.0,0.0,0.0,0.1111111111111111,0.0,0.2222222222222222,0.0,0.0,0.12537612838515555
0.26993006993007107,0.42857142857142855,1.0,0.4444444444444445,0.5555555555555556,1.0,0.5555555555555556,1.0,0.6666666666666665,0.6666666666666665,1.0,0.4393179538615848
0.7034965034965044,0.42857142857142855,0.4444444444444445,1.0,1.0,1.0,0.5555555555555556,1.0,0.5555555555555556,0.4444444444444445,0.1111111111111111,0.48846539618856566
0.5104895104895117,0.42857142857142855,1.0,0.2222222222222222,0.4444444444444445,0.3333333333333333,0.2222222222222222,0.6666666666666665,0.2222222222222222,0.4444444444444445,0.2222222222222222,0.7181544633901704
0.535664335664336,0.14285714285714285,0.0,0.0,0.0,0.0,0.1111111111111111,0.0,0.1111111111111111,0.0,0.0,0.7953861584754263
0.9020979020979016,0.14285714285714285,0.3333333333333333,0.0,0.0,0.0,0.1111111111111111,0.0,0.0,0.0,0.0,0.6569709127382146
0.7230769230769241,0.14285714285714285,0.0,0.0,0.0,0.0,0.1111111111111111,0.3333333333333333,0.0,0.0,0.0,0.7562688064192578
0.21258741258741232,0.42857142857142855,0.2222222222222222,0.3333333333333333,0.4444444444444445,0.1111111111111111,0.5555555555555556,0.7777777777777777,0.3333333333333333,0.0,0.0,0.5305917753259779
0.6615384615384627,0.42857142857142855,1.0,0.8888888888888888,0.7777777777777777,0.6666666666666665,0.5555555555555556,0.3333333333333333,0.6666666666666665,1.0,0.2222222222222222,0.2848545636910733
0.6797202797202804,0.14285714285714285,0.3333333333333333,0.0,0.0,0.0,0.1111111111111111,0.0,0.0,0.0,0.0,0.3209628886659981
0.31608391608391706,0.14285714285714285,0.0,0.0,0.0,0.1111111111111111,0.1111111111111111,0.0,0.2222222222222222,0.0,0.0,0.42427281845536613
0.6713286713286717,0.14285714285714285,0.5555555555555556,0.0,0.0,0.2222222222222222,0.1111111111111111,0.0,0.0,0.0,0.0,0.7522567703109329
0.8000000000000007,0.14285714285714285,0.1111111111111111,0.0,0.0,0.0,0.1111111111111111,0.0,0.1111111111111111,0.0,0.0,0.6128385155466398
0.14405594405594435,0.14285714285714285,0.4444444444444445,0.0,0.0,0.0,0.1111111111111111,0.0,0.2222222222222222,0.0,0.0,0.7472417251755266
0.5888111888111887,0.42857142857142855,0.7777777777777777,0.4444444444444445,0.5555555555555556,0.1111111111111111,0.2222222222222222,1.0,0.5555555555555556,0.5555555555555556,0.0,0.8816449348044133
0.5860139860139864,0.42857142857142855,1.0,1.0,1.0,0.5555555555555556,0.7777777777777777,0.3333333333333333,0.7777777777777777,0.4444444444444445,0.0,0.3199598796389167
0.7818181818181831,0.14285714285714285,0.4444444444444445,0.0,0.0,0.0,0.1111111111111111,0.0,0.1111111111111111,0.0,0.0,0.28786359077231705
0.7580419580419591,0.14285714285714285,0.0,0.0,0.0,0.0,0.0,0.0,0.2222222222222222,0.0,0.0,0.055165496489468335
0.10349650349650474,0.42857142857142855,0.7777777777777777,0.2222222222222222,0.7777777777777777,0.2222222222222222,0.3333333333333333,0.8888888888888888,0.7777777777777777,0.8888888888888888,0.7777777777777777,0.9438314944834503
0.16083916083916172,0.42857142857142855,0.5555555555555556,0.4444444444444445,0.3333333333333333,0.3333333333333333,0.2222222222222222,0.8888888888888888,0.6666666666666665,0.7777777777777777,0.2222222222222222,0.18555667001003018
0.569230769230769,0.42857142857142855,0.2222222222222222,1.0,0.7777777777777777,0.6666666666666665,0.5555555555555556,0.8888888888888888,0.8888888888888888,0.2222222222222222,0.7777777777777777,0.9689067201604815
0.9636363636363647,0.14285714285714285,0.4444444444444445,0.2222222222222222,0.1111111111111111,0.0,0.2222222222222222,0.0,0.0,0.0,0.0,0.559679037111334
0.16643356643356633,0.42857142857142855,1.0,1.0,1.0,0.2222222222222222,1.0,0.7777777777777777,0.7777777777777777,0.0,0.0,0.5857572718154462
0.07412587412587435,0.14285714285714285,0.0,0.0,0.0,0.0,0.1111111111111111,0.0,0.1111111111111111,0.0,0.0,0.9819458375125376
0.21118881118881205,0.14285714285714285,0.0,0.0,0.2222222222222222,0.0,0.1111111111111111,0.3333333333333333,0.1111111111111111,0.0,0.0,0.033099297893681046
0.5636363636363644,0.14285714285714285,0.2222222222222222,0.0,0.0,0.0,0.1111111111111111,0.0,0.2222222222222222,0.0,0.0,0.7031093279839518
0.942657342657343,0.42857142857142855,0.6666666666666665,0.7777777777777777,0.7777777777777777,0.6666666666666665,0.2222222222222222,1.0,0.6666666666666665,0.1111111111111111,0.2222222222222222,0.05616850551654973
0.28951048951049074,0.42857142857142855,1.0,0.7777777777777777,0.7777777777777777,0.3333333333333333,1.0,1.0,0.7777777777777777,0.0,0.0,0.473420260782347
0.6727272727272737,0.14285714285714285,0.5555555555555556,0.0,0.0,0.0,0.0,0.0,0.0,0.0,0.0,0.3470411233701103
0.7174825174825177,0.14285714285714285,0.3333333333333333,0.0,0.0,0.0,0.1111111111111111,0.0,0.2222222222222222,0.0,0.0,0.8736208625877633
0.9706293706293714,0.14285714285714285,0.0,0.0,0.0,0.0,0.1111111111111111,0.0,0.0,0.0,0.0,0.921765295887663
0.7720279720279724,0.14285714285714285,0.3333333333333333,0.0,0.0,0.0,0.1111111111111111,0.0,0.1111111111111111,0.0,0.0,0.5576730190571715
0.011188811188810988,0.14285714285714285,0.2222222222222222,0.0,0.0,0.0,0.1111111111111111,0.1111111111111111,0.2222222222222222,0.0,0.0,0.6359077231695085
0.8097902097902097,0.42857142857142855,0.4444444444444445,0.6666666666666665,1.0,1.0,0.4444444444444445,1.0,1.0,1.0,0.0,0.7542627883650952
0.05034965034965033,0.14285714285714285,0.2222222222222222,0.0,0.0,0.0,0.0,0.0,0.1111111111111111,0.0,0.0,0.12637913741223672
0.6321678321678323,0.14285714285714285,0.4444444444444445,0.0,0.0,0.5555555555555556,0.2222222222222222,0.0,0.1111111111111111,0.0,0.0,0.9037111334002006
0.19440559440559468,0.14285714285714285,0.2222222222222222,0.0,0.0,0.0,0.1111111111111111,0.0,0.1111111111111111,0.1111111111111111,0.0,0.7352056168505516
0.35384615384615437,0.42857142857142855,0.7777777777777777,0.3333333333333333,0.3333333333333333,0.0,0.1111111111111111,0.8888888888888888,0.2222222222222222,0.2222222222222222,0.0,0.2978936810431294
0.42377622377622437,0.14285714285714285,0.4444444444444445,0.3333333333333333,0.2222222222222222,0.0,0.1111111111111111,0.8888888888888888,0.1111111111111111,0.2222222222222222,0.0,0.24774322968906715
0.7524475524475527,0.14285714285714285,0.5555555555555556,0.0,0.2222222222222222,0.1111111111111111,0.1111111111111111,0.0,0.0,0.0,0.0,0.12036108324974926
0.756643356643357,0.14285714285714285,0.3333333333333333,0.1111111111111111,0.1111111111111111,0.0,0.1111111111111111,0.0,0.1111111111111111,0.0,0.0,0.13941825476429281
0.5146853146853143,0.14285714285714285,0.2222222222222222,0.1111111111111111,0.1111111111111111,0.0,0.3333333333333333,0.2222222222222222,0.1111111111111111,0.0,0.0,0.3199598796389167
0.08251748251748303,0.42857142857142855,0.4444444444444445,0.4444444444444445,0.4444444444444445,0.7777777777777777,1.0,0.7777777777777777,0.6666666666666665,0.2222222222222222,0.6666666666666665,0.5787362086258776
0.15524475524475534,0.42857142857142855,0.6666666666666665,0.2222222222222222,0.3333333333333333,0.3333333333333333,0.2222222222222222,0.2222222222222222,0.2222222222222222,0.1111111111111111,0.6666666666666665,0.12337011033099299
0.72027972027972,0.14285714285714285,0.2222222222222222,0.2222222222222222,0.0,0.0,0.1111111111111111,0.0,0.0,0.0,0.0,0.79037111334002
0.7314685314685327,0.14285714285714285,0.2222222222222222,0.0,0.0,0.0,0.0,0.0,0.1111111111111111,0.0,0.0,0.04513540621865597
0.8909090909090907,0.14285714285714285,0.5555555555555556,0.2222222222222222,0.2222222222222222,0.2222222222222222,0.2222222222222222,0.1111111111111111,0.5555555555555556,0.0,0.0,0.09528585757271824
0.3664335664335674,0.14285714285714285,0.2222222222222222,0.0,0.0,0.0,0.1111111111111111,0.0,0.0,0.0,0.0,0.36509528585757267
0.8419580419580424,0.14285714285714285,0.4444444444444445,0.0,0.0,0.0,0.1111111111111111,0.0,0.1111111111111111,0.1111111111111111,0.0,0.5336008024072216
0.4153846153846157,0.14285714285714285,0.0,0.0,0.0,0.0,0.1111111111111111,0.0,0.2222222222222222,0.0,0.0,0.46339017051153464
0.6671328671328673,0.14285714285714285,0.3333333333333333,0.0,0.0,0.0,0.1111111111111111,0.0,0.0,0.0,0.0,0.2286860581745236
0.5790209790209797,0.14285714285714285,0.0,0.0,0.0,0.0,0.1111111111111111,0.0,0.1111111111111111,0.0,0.0,0.8575727181544635
0.20979020979021,0.14285714285714285,0.1111111111111111,0.0,0.0,0.0,0.1111111111111111,0.0,0.1111111111111111,0.0,0.0,0.3199598796389167
0.605594405594406,0.14285714285714285,0.4444444444444445,0.2222222222222222,0.5555555555555556,0.0,0.1111111111111111,0.0,0.0,0.0,0.0,0.3039117352056169
0.7944055944055943,0.14285714285714285,0.2222222222222222,0.0,0.0,0.0,0.1111111111111111,0.0,0.0,0.0,0.0,0.6399197592778334
0.615384615384615,0.14285714285714285,0.2222222222222222,0.1111111111111111,0.1111111111111111,0.2222222222222222,0.1111111111111111,0.0,0.0,0.0,0.0,0.21263791374122376
0.9510489510489517,0.14285714285714285,0.2222222222222222,0.0,0.0,0.2222222222222222,0.1111111111111111,0.0,0.1111111111111111,0.0,0.0,0.571715145436309
0.372027972027972,0.42857142857142855,1.0,0.4444444444444445,0.7777777777777777,1.0,0.2222222222222222,1.0,0.4444444444444445,0.0,0.2222222222222222,0.46238716148445347
0.871328671328671,0.42857142857142855,0.4444444444444445,1.0,1.0,1.0,1.0,1.0,1.0,0.0,0.0,0.10732196589769316
0.5020979020979031,0.42857142857142855,0.1111111111111111,0.6666666666666665,1.0,1.0,0.6666666666666665,1.0,0.3333333333333333,0.8888888888888888,0.3333333333333333,0.8475426278836509
0.8881118881118883,0.14285714285714285,0.4444444444444445,0.0,0.0,0.0,0.1111111111111111,0.0,0.1111111111111111,0.0,0.0,0.5997993981945837
0.05314685314685441,0.42857142857142855,1.0,0.6666666666666665,0.6666666666666665,0.2222222222222222,0.7777777777777777,0.4444444444444445,0.6666666666666665,0.3333333333333333,0.2222222222222222,0.6459378134403209
0.17762237762237731,0.14285714285714285,0.3333333333333333,0.1111111111111111,0.0,0.0,0.1111111111111111,0.1111111111111111,0.2222222222222222,0.0,0.0,0.6720160481444333
0.5916083916083927,0.42857142857142855,0.7777777777777777,0.6666666666666665,0.7777777777777777,0.4444444444444445,1.0,1.0,0.6666666666666665,0.1111111111111111,0.0,0.37412236710130387
0.581818181818182,0.14285714285714285,0.2222222222222222,0.0,0.1111111111111111,0.0,0.1111111111111111,0.0,0.1111111111111111,0.0,0.0,0.8084252758274824
0.6825174825174827,0.42857142857142855,0.3333333333333333,0.7777777777777777,0.6666666666666665,1.0,0.3333333333333333,1.0,0.6666666666666665,0.4444444444444445,0.0,0.9037111334002006
0.429370629370629,0.14285714285714285,0.0,0.0,0.0,0.0,0.1111111111111111,0.0,0.2222222222222222,0.0,0.0,0.5305917753259779
0.2769230769230777,0.14285714285714285,0.4444444444444445,0.0,0.0,0.0,0.1111111111111111,0.0,0.1111111111111111,0.0,0.0,0.6198595787362087
0.49090909090909207,0.14285714285714285,0.0,0.0,0.0,0.0,0.1111111111111111,0.0,0.0,0.0,0.0,0.9338014042126379
0.20559440559440567,0.14285714285714285,0.1111111111111111,0.0,0.0,0.0,0.1111111111111111,0.0,0.0,0.0,0.0,0.1053159478435306
0.2041958041958054,0.14285714285714285,0.2222222222222222,0.0,0.0,0.0,0.1111111111111111,0.0,0.0,0.0,0.0,0.27382146439317956
0.8111888111888117,0.14285714285714285,0.2222222222222222,0.0,0.1111111111111111,0.0,0.1111111111111111,0.0,0.2222222222222222,0.0,0.0,0.7723169508525576
0.977622377622378,0.14285714285714285,0.0,0.0,0.0,0.0,0.1111111111111111,0.0,0.0,0.0,0.0,0.7291875626880642
0.7510489510489506,0.14285714285714285,0.3333333333333333,0.0,0.0,0.0,0.1111111111111111,0.0,0.2222222222222222,0.0,0.0,0.30892678034102317
0.48671328671328773,0.14285714285714285,0.1111111111111111,0.0,0.0,0.0,0.1111111111111111,0.0,0.0,0.0,0.0,0.8986960882647943
0.6475524475524477,0.42857142857142855,1.0,0.1111111111111111,0.1111111111111111,0.0,0.1111111111111111,0.5555555555555556,0.0,0.0,0.1111111111111111,0.3470411233701103
0.45454545454545503,0.14285714285714285,0.3333333333333333,0.3333333333333333,0.3333333333333333,0.3333333333333333,0.5555555555555556,0.4444444444444445,0.6666666666666665,0.2222222222222222,0.0,0.8134403209628887
0.26013986013986035,0.14285714285714285,0.0,0.0,0.0,0.0,0.0,0.0,0.2222222222222222,0.0,0.0,0.8545636910732197
0.1720279720279727,0.42857142857142855,0.3333333333333333,0.4444444444444445,0.4444444444444445,1.0,0.3333333333333333,1.0,0.6666666666666665,0.4444444444444445,0.7777777777777777,0.30992978936810434
0.850349650349651,0.14285714285714285,0.4444444444444445,0.0,0.1111111111111111,0.0,0.1111111111111111,0.0,0.0,0.0,0.0,0.052156469408224604
0.20000000000000107,0.14285714285714285,0.2222222222222222,0.0,0.0,0.0,0.1111111111111111,0.0,0.0,0.0,0.0,0.5356068204613842
0.9524475524475537,0.14285714285714285,0.0,0.0,0.0,0.0,0.1111111111111111,0.0,0.0,0.0,0.0,0.7261785356068204
0.2755244755244757,0.42857142857142855,0.6666666666666665,0.4444444444444445,1.0,1.0,1.0,1.0,0.3333333333333333,1.0,0.2222222222222222,0.1755265797392176
0.3902097902097914,0.42857142857142855,0.6666666666666665,0.1111111111111111,0.3333333333333333,0.0,0.2222222222222222,0.3333333333333333,0.2222222222222222,0.2222222222222222,0.0,0.14744232698094284
0.4097902097902111,0.14285714285714285,0.2222222222222222,0.0,0.0,0.0,0.2222222222222222,0.0,0.1111111111111111,0.0,0.0,0.5536609829488466
0.55944055944056,0.14285714285714285,0.0,0.0,0.0,0.0,0.0,0.0,0.0,0.0,0.0,0.10431293881644943
0.17062937062937067,0.14285714285714285,0.7777777777777777,0.2222222222222222,0.2222222222222222,0.0,0.1111111111111111,0.1111111111111111,0.2222222222222222,0.1111111111111111,0.0,0.9588766298896689
0.255944055944056,0.42857142857142855,0.4444444444444445,1.0,1.0,0.2222222222222222,0.7777777777777777,0.0,0.4444444444444445,1.0,0.2222222222222222,0.41925777331995984
0.2825174825174823,0.14285714285714285,0.7777777777777777,0.3333333333333333,0.3333333333333333,0.4444444444444445,0.3333333333333333,0.6666666666666665,0.6666666666666665,0.7777777777777777,0.1111111111111111,0.745235707121364
0.6125874125874127,0.14285714285714285,0.4444444444444445,0.0,0.0,0.2222222222222222,0.3333333333333333,0.0,0.2222222222222222,0.1111111111111111,0.0,0.7963891675025074
0.34405594405594364,0.14285714285714285,0.4444444444444445,0.0,0.2222222222222222,0.2222222222222222,0.1111111111111111,0.1111111111111111,0.1111111111111111,0.2222222222222222,0.0,0.42026078234704123
0.58041958041958,0.14285714285714285,0.1111111111111111,0.2222222222222222,0.1111111111111111,0.1111111111111111,0.1111111111111111,0.1111111111111111,0.2222222222222222,0.0,0.0,0.6178535606820461
0.8867132867132863,0.14285714285714285,0.3333333333333333,0.0,0.0,0.0,0.1111111111111111,0.0,0.1111111111111111,0.0,0.0,0.47542627883650956
0.1804195804195814,0.42857142857142855,0.4444444444444445,0.2222222222222222,0.4444444444444445,0.0,0.7777777777777777,1.0,0.4444444444444445,0.2222222222222222,0.0,0.4904714142427282
0.5622377622377623,0.14285714285714285,0.2222222222222222,0.0,0.0,0.0,0.1111111111111111,0.0,0.1111111111111111,0.0,0.0,0.6459378134403209
0.9258741258741257,0.14285714285714285,0.0,0.1111111111111111,0.1111111111111111,0.0,0.1111111111111111,0.0,0.0,0.0,0.0,0.6268806419257773
0.8055944055944053,0.14285714285714285,0.0,0.0,0.0,0.0,0.1111111111111111,0.0,0.2222222222222222,0.0,0.0,0.4042126379137412
0.30629370629370634,0.42857142857142855,1.0,1.0,1.0,1.0,0.6666666666666665,1.0,0.6666666666666665,1.0,0.3333333333333333,0.3590772316950852
0.9090909090909101,0.14285714285714285,0.2222222222222222,0.0,0.0,0.0,0.1111111111111111,0.0,0.0,0.0,0.0,0.32597793380140416
0.7608391608391614,0.2857142857142857,0.1111111111111111,0.2222222222222222,0.4444444444444445,1.0,0.5555555555555556,1.0,0.4444444444444445,0.3333333333333333,0.3333333333333333,0.979939819458375
0.9132867132867144,0.14285714285714285,0.3333333333333333,0.1111111111111111,0.3333333333333333,0.2222222222222222,0.1111111111111111,0.1111111111111111,0.1111111111111111,0.0,0.0,0.7111334002006018
0.7706293706293703,0.14285714285714285,0.4444444444444445,0.0,0.1111111111111111,0.0,0.1111111111111111,0.0,0.2222222222222222,0.0,0.0,0.9317953861584753
0.5398601398601404,0.14285714285714285,0.4444444444444445,0.2222222222222222,0.3333333333333333,0.0,0.3333333333333333,0.0,0.2222222222222222,0.0,0.0,0.23470411233701105
0.9678321678321691,0.14285714285714285,0.0,0.0,0.1111111111111111,0.0,0.1111111111111111,0.0,0.1111111111111111,0.0,0.0,0.7091273821464392
0.7118881118881131,0.14285714285714285,0.3333333333333333,0.0,0.0,0.0,0.1111111111111111,0.0,0.1111111111111111,0.0,0.0,0.6810431293881645
0.37342657342657404,0.42857142857142855,0.4444444444444445,1.0,1.0,0.5555555555555556,1.0,1.0,1.0,0.5555555555555556,0.4444444444444445,0.9658976930792378
0.616783216783217,0.14285714285714285,0.5555555555555556,0.8888888888888888,0.6666666666666665,0.4444444444444445,0.4444444444444445,0.7777777777777777,0.3333333333333333,0.1111111111111111,0.0,0.24172517552657968
0.6937062937062937,0.14285714285714285,0.2222222222222222,0.0,0.0,0.0,0.0,0.0,0.1111111111111111,0.0,0.0,0.6308926780341022
0.15664335664335738,0.42857142857142855,1.0,1.0,1.0,0.7777777777777777,0.1111111111111111,1.0,0.3333333333333333,0.0,0.0,0.8355065195586759
0.32447552447552575,0.42857142857142855,1.0,0.4444444444444445,0.6666666666666665,0.3333333333333333,0.3333333333333333,1.0,0.7777777777777777,0.8888888888888888,0.0,0.7061183550651955
0.8699300699300707,0.14285714285714285,0.0,0.0,0.0,0.0,0.1111111111111111,0.0,0.0,0.0,0.0,0.3681043129388164
0.5216783216783227,1.0,0.7777777777777777,0.1111111111111111,0.6666666666666665,0.1111111111111111,0.6666666666666665,0.4444444444444445,0.2222222222222222,0.3333333333333333,0.1111111111111111,0.25677031093279834
0.325874125874126,0.42857142857142855,0.7777777777777777,0.8888888888888888,0.8888888888888888,0.4444444444444445,0.2222222222222222,0.4444444444444445,0.6666666666666665,0.6666666666666665,0.0,0.37913741223671016
0.906293706293706,0.14285714285714285,0.0,0.0,0.0,0.0,0.1111111111111111,0.0,0.0,0.0,0.0,0.9699097291875627
0.44335664335664404,0.14285714285714285,0.0,0.0,0.0,0.0,0.1111111111111111,0.0,0.0,0.0,0.0,0.4082246740220663
0.5734265734265733,0.14285714285714285,0.2222222222222222,0.0,0.0,0.0,0.1111111111111111,0.3333333333333333,0.0,0.0,0.0,0.29989969909729197
0.8937062937062947,0.14285714285714285,0.0,0.0,0.0,0.0,0.1111111111111111,0.0,0.0,0.0,0.0,0.12036108324974926
0.500699300699301,0.14285714285714285,0.2222222222222222,0.3333333333333333,0.4444444444444445,0.2222222222222222,0.6666666666666665,0.2222222222222222,0.3333333333333333,0.5555555555555556,0.0,0.14343029087261794
0.360839160839161,0.14285714285714285,0.5555555555555556,0.2222222222222222,0.2222222222222222,0.4444444444444445,0.2222222222222222,1.0,0.2222222222222222,0.4444444444444445,0.2222222222222222,0.683049147442327
0.394405594405594,0.14285714285714285,0.2222222222222222,0.0,0.0,0.0,0.1111111111111111,0.0,0.1111111111111111,0.0,0.0,0.559679037111334
0.5258741258741271,0.14285714285714285,0.0,0.0,0.2222222222222222,0.0,0.0,0.0,0.1111111111111111,0.0,0.0,0.7031093279839518
0.5370629370629381,0.14285714285714285,0.0,0.0,0.0,0.0,0.0,0.0,0.1111111111111111,0.0,0.0,0.79037111334002
0.313286713286713,0.42857142857142855,0.5555555555555556,1.0,0.6666666666666665,0.6666666666666665,0.5555555555555556,0.3333333333333333,0.7777777777777777,1.0,0.1111111111111111,0.851554663991976
0.9496503496503497,0.14285714285714285,0.0,0.0,0.2222222222222222,0.0,0.1111111111111111,0.0,0.1111111111111111,0.0,0.0,0.8405215646940822
0.8167832167832181,0.42857142857142855,0.7777777777777777,1.0,0.3333333333333333,0.3333333333333333,0.7777777777777777,1.0,0.7777777777777777,0.1111111111111111,0.0,0.6680040120361084
0.6601398601398607,0.14285714285714285,0.3333333333333333,0.0,0.0,0.0,0.1111111111111111,0.0,0.0,0.0,0.0,0.5125376128385155
0.4853146853146857,0.14285714285714285,0.0,0.0,0.0,0.0,0.1111111111111111,0.0,0.2222222222222222,0.0,0.0,0.40621865596790374
0.7062937062937067,0.14285714285714285,0.2222222222222222,0.0,0.0,0.0,0.0,0.0,0.1111111111111111,0.0,0.0,0.46639919759277837
0.9846153846153847,0.14285714285714285,0.3333333333333333,0.0,0.0,0.0,0.1111111111111111,0.0,0.0,0.0,0.0,0.16850551654964896
0.9748251748251757,0.42857142857142855,0.4444444444444445,1.0,1.0,1.0,0.3333333333333333,1.0,0.4444444444444445,0.5555555555555556,0.2222222222222222,0.3430290872617854
0.9006993006993014,0.14285714285714285,0.1111111111111111,0.0,0.0,0.0,0.1111111111111111,0.0,0.0,0.0,0.0,0.7261785356068204
0.8531468531468533,0.14285714285714285,0.4444444444444445,0.0,0.0,0.0,0.1111111111111111,0.0,0.1111111111111111,0.0,0.0,0.8024072216649949
0.8433566433566444,0.42857142857142855,0.8888888888888888,0.7777777777777777,0.7777777777777777,0.8888888888888888,0.5555555555555556,0.2222222222222222,0.3333333333333333,0.0,0.0,0.3430290872617854
0.7776223776223787,0.14285714285714285,0.4444444444444445,0.2222222222222222,0.0,0.0,0.1111111111111111,0.0,0.0,0.0,0.0,0.08425275827482448
0.11888111888112007,0.14285714285714285,0.1111111111111111,0.0,0.0,0.0,0.2222222222222222,0.0,0.1111111111111111,0.0,0.0,0.04513540621865597
0.33846153846153904,0.42857142857142855,1.0,0.7777777777777777,0.7777777777777777,0.1111111111111111,0.7777777777777777,1.0,0.3333333333333333,0.7777777777777777,1.0,0.04012036108324968
0.22237762237762304,0.14285714285714285,0.3333333333333333,0.0,0.0,0.0,0.1111111111111111,0.2222222222222222,0.0,0.0,0.0,0.31293881644934807
0.732867132867133,0.42857142857142855,0.5555555555555556,0.5555555555555556,0.6666666666666665,1.0,0.2222222222222222,1.0,0.7777777777777777,1.0,0.1111111111111111,0.8585757271815446
0.04895104895105007,0.14285714285714285,0.0,0.0,0.2222222222222222,0.0,0.1111111111111111,0.0,0.0,0.0,0.0,0.9899699097291876
0.755244755244755,0.42857142857142855,0.6666666666666665,0.3333333333333333,0.3333333333333333,0.2222222222222222,0.3333333333333333,1.0,0.5555555555555556,0.8888888888888888,0.0,0.5295887662988967
0.23776223776223837,0.14285714285714285,0.4444444444444445,0.0,0.0,0.0,0.1111111111111111,0.5555555555555556,0.2222222222222222,0.0,0.0,0.46740220661985954
0.8559440559440556,0.14285714285714285,0.4444444444444445,0.0,0.2222222222222222,0.0,0.1111111111111111,0.0,0.2222222222222222,0.0,0.0,0.40521564694082257
0.8447552447552447,0.14285714285714285,0.4444444444444445,0.0,0.0,0.0,0.1111111111111111,0.0,0.0,0.0,0.0,0.6559679037111334
0.941258741258741,0.14285714285714285,0.4444444444444445,0.3333333333333333,0.4444444444444445,0.0,0.7777777777777777,0.0,0.2222222222222222,0.5555555555555556,0.0,0.4423269809428285
0.13286713286713336,0.14285714285714285,0.1111111111111111,0.0,0.0,0.1111111111111111,0.2222222222222222,0.0,0.1111111111111111,0.0,0.0,0.60481444332999
0.7874125874125877,0.42857142857142855,0.6666666666666665,0.7777777777777777,0.2222222222222222,0.6666666666666665,0.3333333333333333,0.4444444444444445,0.6666666666666665,0.7777777777777777,0.1111111111111111,0.8906720160481445
0.33566433566433673,0.14285714285714285,0.2222222222222222,0.2222222222222222,0.1111111111111111,0.0,0.2222222222222222,0.0,0.2222222222222222,0.5555555555555556,0.0,0.7763289869608827
0.802797202797203,0.14285714285714285,0.4444444444444445,0.0,0.0,0.0,0.1111111111111111,0.0,0.2222222222222222,0.0,0.0,0.2326980942828485
0.6433566433566433,0.14285714285714285,0.2222222222222222,0.0,0.0,0.2222222222222222,0.1111111111111111,0.0,0.0,0.0,0.0,0.753259779338014
0.7734265734265744,0.14285714285714285,0.5555555555555556,0.0,0.0,0.0,0.1111111111111111,0.0,0.1111111111111111,0.0,0.0,0.3019057171514543
0.8769230769230774,0.42857142857142855,0.7777777777777777,1.0,1.0,1.0,0.5555555555555556,1.0,1.0,1.0,1.0,0.28686058174523565
0.2881118881118887,0.42857142857142855,0.8888888888888888,0.6666666666666665,0.6666666666666665,0.4444444444444445,0.4444444444444445,1.0,0.6666666666666665,0.7777777777777777,0.2222222222222222,0.6680040120361084
0.548251748251749,0.14285714285714285,0.2222222222222222,0.2222222222222222,0.1111111111111111,0.1111111111111111,0.2222222222222222,0.0,0.0,0.1111111111111111,0.2222222222222222,0.04012036108324968
0.5552447552447557,0.14285714285714285,0.0,0.0,0.0,0.1111111111111111,0.1111111111111111,0.0,0.1111111111111111,0.0,0.0,0.4383149448345036
0.8461538461538467,0.42857142857142855,0.3333333333333333,1.0,0.7777777777777777,0.4444444444444445,0.3333333333333333,0.0,1.0,0.0,0.0,0.6349047141424273
0.30349650349650403,0.42857142857142855,0.7777777777777777,1.0,0.7777777777777777,0.7777777777777777,0.3333333333333333,0.7777777777777777,0.6666666666666665,0.6666666666666665,0.0,0.9658976930792378
0.005594405594406382,0.0,0.7777777777777777,0.0,0.8888888888888888,0.2222222222222222,0.2222222222222222,0.3333333333333333,0.2222222222222222,0.6666666666666665,0.7777777777777777,0.26078234704112346
0.8923076923076927,0.14285714285714285,0.6666666666666665,0.0,0.1111111111111111,0.2222222222222222,0.1111111111111111,0.0,0.1111111111111111,0.0,0.0,0.04312938816449341
0.7636363636363637,0.42857142857142855,1.0,1.0,0.6666666666666665,0.7777777777777777,0.6666666666666665,0.0,1.0,1.0,0.2222222222222222,0.24373119358074224
0.1370629370629377,0.14285714285714285,0.3333333333333333,0.0,0.0,0.0,0.1111111111111111,0.0,0.2222222222222222,0.0,0.0,0.8194583751253761
0.801398601398601,0.14285714285714285,0.4444444444444445,0.0,0.0,0.0,0.1111111111111111,0.0,0.1111111111111111,0.0,0.0,0.3911735205616851
0.5678321678321687,0.14285714285714285,0.0,0.1111111111111111,0.2222222222222222,0.0,0.1111111111111111,0.0,0.0,0.0,0.0,0.563691073219659
0.7020979020979023,0.14285714285714285,0.3333333333333333,0.0,0.0,0.0,0.0,0.0,0.1111111111111111,0.0,0.0,0.9679037111334001
0.06573426573426566,0.42857142857142855,1.0,0.3333333333333333,0.2222222222222222,0.0,0.2222222222222222,0.2222222222222222,0.5555555555555556,0.4444444444444445,0.1111111111111111,0.09027081243731194
0.04475524475524573,0.14285714285714285,0.2222222222222222,0.1111111111111111,0.0,0.0,0.0,0.0,0.1111111111111111,0.0,0.0,0.2898696088264794
0.27972027972028,0.14285714285714285,0.2222222222222222,0.0,0.0,0.0,0.1111111111111111,0.0,0.2222222222222222,0.0,0.0,0.4914744232698094
0.18741258741258804,0.42857142857142855,0.7777777777777777,0.2222222222222222,0.4444444444444445,0.3333333333333333,0.4444444444444445,1.0,0.0,0.5555555555555556,0.1111111111111111,0.3550651955867603
0.037762237762237305,0.42857142857142855,1.0,0.4444444444444445,0.4444444444444445,0.2222222222222222,0.5555555555555556,0.6666666666666665,0.6666666666666665,1.0,0.0,0.5305917753259779
0.8797202797202797,0.14285714285714285,0.1111111111111111,0.2222222222222222,0.0,0.0,0.1111111111111111,0.0,0.1111111111111111,0.0,0.0,0.79037111334002
0.32167832167832167,0.42857142857142855,1.0,0.4444444444444445,0.4444444444444445,0.5555555555555556,0.2222222222222222,1.0,0.6666666666666665,0.8888888888888888,0.1111111111111111,0.1975927783350051
0.6839160839160847,0.14285714285714285,0.4444444444444445,0.0,0.0,0.0,0.0,0.0,0.0,0.0,0.0,0.47141424272818466
0.5286713286713294,0.14285714285714285,0.0,0.0,0.2222222222222222,0.0,0.1111111111111111,0.0,0.0,0.0,0.0,0.0030090270812437314
0.40279720279720266,0.42857142857142855,0.0,0.3333333333333333,0.2222222222222222,1.0,0.3333333333333333,1.0,0.4444444444444445,0.5555555555555556,0.0,0.2838515546639919
0.5846153846153843,0.14285714285714285,0.0,0.0,0.0,0.0,0.0,0.8888888888888888,0.1111111111111111,0.0,0.0,0.22968906720160476
0.546853146853147,0.14285714285714285,0.1111111111111111,0.0,0.0,0.0,0.1111111111111111,0.0,0.0,0.0,0.0,0.40621865596790374
0.8279720279720291,0.14285714285714285,0.0,0.0,0.0,0.0,0.1111111111111111,0.0,0.1111111111111111,0.0,0.0,0.9699097291875627
0.6965034965034977,0.42857142857142855,0.2222222222222222,0.5555555555555556,0.3333333333333333,1.0,0.2222222222222222,0.2222222222222222,0.2222222222222222,0.3333333333333333,0.0,0.6920762286860582
0.19300699300699264,0.42857142857142855,0.4444444444444445,1.0,0.7777777777777777,1.0,0.7777777777777777,1.0,0.2222222222222222,0.5555555555555556,0.2222222222222222,0.6710130391173521
0.08671328671328737,0.42857142857142855,0.7777777777777777,1.0,1.0,0.0,0.2222222222222222,0.5555555555555556,0.2222222222222222,0.8888888888888888,0.0,0.6860581745235708
0.6587412587412587,0.14285714285714285,0.3333333333333333,0.0,0.0,0.0,0.1111111111111111,0.0,0.0,0.1111111111111111,0.0,0.4302908726178536
0.17902097902097935,0.42857142857142855,1.0,1.0,1.0,0.1111111111111111,1.0,1.0,0.4444444444444445,0.2222222222222222,0.2222222222222222,0.4874623871614845
0.9720279720279716,0.14285714285714285,0.1111111111111111,0.0,0.0,0.0,0.1111111111111111,0.0,0.0,0.0,0.0,0.44533600802407225
0.7272727272727284,0.14285714285714285,0.0,0.0,0.0,0.0,0.1111111111111111,0.0,0.0,0.0,0.0,0.3721163490471415
0.08951048951048968,0.42857142857142855,0.4444444444444445,0.1111111111111111,0.2222222222222222,0.0,0.5555555555555556,1.0,0.4444444444444445,0.0,0.0,0.4824473420260782
0.019580419580419672,0.14285714285714285,0.1111111111111111,0.0,0.0,0.0,0.1111111111111111,0.0,0.0,0.0,0.4444444444444445,0.6168505516549649
0.2181818181818187,0.14285714285714285,0.0,0.0,0.0,0.0,0.0,0.0,0.2222222222222222,0.0,0.0,0.04012036108324968
0.055944055944056714,0.14285714285714285,0.2222222222222222,0.0,0.1111111111111111,0.0,0.1111111111111111,0.0,0.1111111111111111,0.0,0.0,0.7021063189568706
0.6881118881118891,0.42857142857142855,0.7777777777777777,0.6666666666666665,0.7777777777777777,0.4444444444444445,0.4444444444444445,1.0,0.8888888888888888,1.0,0.0,0.6780341023069207
0.5300699300699296,0.14285714285714285,0.3333333333333333,0.0,0.1111111111111111,0.0,0.1111111111111111,0.0,0.1111111111111111,0.0,0.0,0.20762286860581747
0.2615384615384624,0.14285714285714285,0.0,0.0,0.0,0.0,0.1111111111111111,0.0,0.0,0.0,0.0,0.006018054162487463
0.302097902097902,0.42857142857142855,0.7777777777777777,1.0,1.0,1.0,0.4444444444444445,1.0,0.7777777777777777,1.0,0.5555555555555556,0.9739217652958876
0.07272727272727231,0.42857142857142855,0.2222222222222222,0.6666666666666665,0.6666666666666665,0.3333333333333333,0.3333333333333333,0.8888888888888888,0.3333333333333333,0.7777777777777777,0.0,0.28786359077231705
0.4713286713286724,0.14285714285714285,0.4444444444444445,0.0,0.0,0.0,0.1111111111111111,0.0,0.2222222222222222,0.0,0.1111111111111111,0.7753259779338013
0.4125874125874134,0.42857142857142855,0.4444444444444445,0.5555555555555556,0.5555555555555556,0.7777777777777777,0.5555555555555556,1.0,0.3333333333333333,1.0,0.3333333333333333,0.08124373119358075
0.35104895104895206,0.14285714285714285,0.4444444444444445,0.0,0.0,0.1111111111111111,0.1111111111111111,0.1111111111111111,0.2222222222222222,0.0,0.0,0.9047141424272818
0.6447552447552454,0.42857142857142855,0.3333333333333333,0.4444444444444445,0.4444444444444445,0.7777777777777777,0.5555555555555556,1.0,1.0,0.6666666666666665,0.0,0.3941825476429288
0.6363636363636367,0.14285714285714285,0.4444444444444445,0.0,0.0,0.0,0.1111111111111111,0.0,0.0,0.0,0.0,0.3079237713139418
0.9972027972027977,0.42857142857142855,0.3333333333333333,0.7777777777777777,0.5555555555555556,0.3333333333333333,0.2222222222222222,0.3333333333333333,1.0,0.5555555555555556,0.0,0.6870611835506519
0.37622377622377634,0.42857142857142855,1.0,0.3333333333333333,0.3333333333333333,1.0,0.5555555555555556,1.0,0.4444444444444445,0.4444444444444445,0.0,0.9518555667001003
0.28111888111888206,0.14285714285714285,0.3333333333333333,0.0,0.0,0.0,0.1111111111111111,0.0,0.2222222222222222,0.0,0.0,0.8535606820461383
0.22517482517482534,0.42857142857142855,0.4444444444444445,0.4444444444444445,0.4444444444444445,0.5555555555555556,0.2222222222222222,1.0,0.2222222222222222,0.0,0.0,0.5656970912738215
0.7762237762237767,0.14285714285714285,0.2222222222222222,0.0,0.0,0.0,0.1111111111111111,0.0,0.0,0.0,0.0,0.2708124373119358
0.5608391608391621,0.14285714285714285,0.0,0.1111111111111111,0.2222222222222222,0.0,0.1111111111111111,0.0,0.1111111111111111,0.0,0.0,0.3861584754262788
0.6657342657342653,0.7142857142857142,0.2222222222222222,0.2222222222222222,0.6666666666666665,0.6666666666666665,0.2222222222222222,0.7777777777777777,0.0,0.5555555555555556,0.7777777777777777,0.4864593781344033
0.14685314685314665,0.42857142857142855,0.6666666666666665,0.4444444444444445,0.5555555555555556,1.0,0.4444444444444445,1.0,0.6666666666666665,0.8888888888888888,0.3333333333333333,0.4473420260782348
0.79020979020979,0.14285714285714285,0.0,0.0,0.0,0.0,0.1111111111111111,0.0,0.2222222222222222,0.0,0.0,0.8004012036108326
0.5440559440559447,0.14285714285714285,0.2222222222222222,0.1111111111111111,0.1111111111111111,0.1111111111111111,0.1111111111111111,0.0,0.2222222222222222,0.1111111111111111,0.0,0.08726178535606821
0.0013986013986020396,0.42857142857142855,0.7777777777777777,0.3333333333333333,0.4444444444444445,0.8888888888888888,0.6666666666666665,1.0,1.0,1.0,0.8888888888888888,0.9909729187562688
0.9342657342657343,0.14285714285714285,0.4444444444444445,0.0,0.0,0.0,0.1111111111111111,0.0,0.1111111111111111,0.1111111111111111,0.0,0.13841524573721165
0.7846153846153854,0.14285714285714285,0.1111111111111111,0.0,0.0,0.0,0.0,0.0,0.0,0.0,0.0,0.3520561685055166
0.11188811188811165,0.42857142857142855,1.0,0.5555555555555556,0.3333333333333333,0.0,0.2222222222222222,0.3333333333333333,0.2222222222222222,0.1111111111111111,0.2222222222222222,0.30892678034102317
0.28671328671328666,0.14285714285714285,0.2222222222222222,0.0,0.0,0.0,0.1111111111111111,0.0,0.1111111111111111,0.0,0.0,0.5055165496489469
0.04755244755244803,0.14285714285714285,0.1111111111111111,0.0,0.0,0.0,0.1111111111111111,0.0,0.1111111111111111,0.0,0.0,0.02206619859578729
0.710489510489511,0.14285714285714285,0.3333333333333333,0.0,0.0,0.0,0.1111111111111111,0.0,0.1111111111111111,0.0,0.0,0.559679037111334
0.5972027972027973,0.14285714285714285,0.2222222222222222,0.1111111111111111,0.1111111111111111,0.2222222222222222,0.1111111111111111,0.2222222222222222,0.2222222222222222,0.0,0.0,0.9729187562688064
0.6349650349650346,0.14285714285714285,0.0,0.0,0.0,0.0,0.1111111111111111,0.0,0.0,0.0,0.0,0.18254764292878645
0.511888111888112,0.42857142857142855,0.5555555555555556,1.0,1.0,1.0,1.0,1.0,0.7777777777777777,1.0,1.0,0.7011033099297894
0.12727272727272698,0.42857142857142855,0.4444444444444445,1.0,0.5555555555555556,0.0,1.0,0.3333333333333333,0.3333333333333333,1.0,1.0,0.6228686058174524
0.4741258741258747,0.42857142857142855,0.4444444444444445,0.3333333333333333,0.5555555555555556,0.5555555555555556,0.3333333333333333,1.0,0.3333333333333333,0.2222222222222222,0.0,0.8786359077231696
0.7888111888111897,0.14285714285714285,0.2222222222222222,0.0,0.0,0.0,0.1111111111111111,0.0,0.1111111111111111,0.0,0.0,0.2678034102306921
0.4825174825174834,0.42857142857142855,0.7777777777777777,0.4444444444444445,0.4444444444444445,0.4444444444444445,0.1111111111111111,1.0,0.3333333333333333,0.2222222222222222,0.0,0.07923771313941819
0.337062937062937,0.14285714285714285,0.2222222222222222,0.0,0.3333333333333333,0.0,0.1111111111111111,0.0,0.2222222222222222,0.0,0.0,0.7662988966900701
0.01818181818181941,0.14285714285714285,0.1111111111111111,0.0,0.1111111111111111,0.0,0.1111111111111111,0.0,0.2222222222222222,0.0,0.0,0.40120361083249745
0.44055944055944174,0.14285714285714285,0.2222222222222222,0.0,0.0,0.0,0.1111111111111111,0.4444444444444445,0.4444444444444445,0.0,0.0,0.8294884653961885
0.83916083916084,0.14285714285714285,0.0,0.0,0.0,0.0,0.1111111111111111,0.0,0.0,0.0,0.0,0.3289869608826479
0.5412587412587424,0.14285714285714285,0.0,0.0,0.0,0.0,0.1111111111111111,0.0,0.0,0.0,0.0,0.22066198595787356
0.3818181818181827,0.42857142857142855,0.2222222222222222,0.2222222222222222,0.4444444444444445,0.1111111111111111,0.2222222222222222,1.0,0.6666666666666665,0.0,0.0,0.6339017051153459
0.232167832167832,0.42857142857142855,1.0,0.6666666666666665,0.6666666666666665,0.3333333333333333,0.4444444444444445,1.0,0.4444444444444445,0.6666666666666665,0.1111111111111111,0.3159478435305918
0.9916083916083913,0.14285714285714285,0.2222222222222222,0.0,0.0,0.0,0.1111111111111111,0.0,0.1111111111111111,0.0,0.1111111111111111,0.6088264794383149
0.9034965034965037,0.14285714285714285,0.5555555555555556,0.1111111111111111,0.2222222222222222,0.0,0.1111111111111111,0.0,0.0,0.0,0.0,0.7843530591775325
0.6769230769230781,0.14285714285714285,0.2222222222222222,0.0,0.0,0.0,0.1111111111111111,0.0,0.0,0.0,0.0,0.1053159478435306
0.976223776223776,0.14285714285714285,0.4444444444444445,0.0,0.0,0.0,0.1111111111111111,0.0,0.2222222222222222,0.1111111111111111,0.0,0.6920762286860582
0.7048951048951047,0.14285714285714285,0.4444444444444445,0.0,0.1111111111111111,1.0,0.3333333333333333,0.4444444444444445,0.1111111111111111,0.0,0.0,0.07923771313941819
0.3398601398601411,0.42857142857142855,0.8888888888888888,0.7777777777777777,0.7777777777777777,0.4444444444444445,0.5555555555555556,0.1111111111111111,0.3333333333333333,1.0,0.3333333333333333,0.4513540621865597
0.791608391608392,0.14285714285714285,0.2222222222222222,0.1111111111111111,0.1111111111111111,0.1111111111111111,0.1111111111111111,0.0,0.3333333333333333,0.1111111111111111,0.0,0.36710130391173523
0.7860139860139856,0.14285714285714285,0.2222222222222222,0.0,0.0,0.0,0.0,0.0,0.0,0.0,0.0,0.47542627883650956
0.2643356643356647,0.42857142857142855,0.4444444444444445,0.7777777777777777,0.7777777777777777,0.7777777777777777,0.4444444444444445,1.0,0.6666666666666665,0.7777777777777777,0.0,0.06018054162487463
0.664335664335665,0.42857142857142855,0.5555555555555556,0.5555555555555556,0.5555555555555556,0.4444444444444445,0.3333333333333333,1.0,0.6666666666666665,0.5555555555555556,0.1111111111111111,0.18254764292878645
0.7132867132867133,0.14285714285714285,0.5555555555555556,0.0,0.0,0.0,0.1111111111111111,0.0,0.2222222222222222,0.0,0.0,0.5315947843530593
0.08111888111888099,0.42857142857142855,1.0,0.2222222222222222,0.5555555555555556,0.1111111111111111,0.2222222222222222,0.4444444444444445,0.3333333333333333,1.0,0.1111111111111111,0.6569709127382146
0.662937062937063,0.42857142857142855,1.0,0.5555555555555556,0.5555555555555556,0.1111111111111111,0.3333333333333333,1.0,0.8888888888888888,0.6666666666666665,0.0,0.279839518555667
0.7832167832167833,0.42857142857142855,0.5555555555555556,1.0,1.0,1.0,0.3333333333333333,1.0,0.6666666666666665,1.0,0.0,0.6730190571715144
0.3524475524475523,0.42857142857142855,0.7777777777777777,1.0,1.0,0.7777777777777777,0.4444444444444445,1.0,0.6666666666666665,0.7777777777777777,0.0,0.5275827482447342
0.029370629370630397,0.42857142857142855,0.6666666666666665,0.3333333333333333,0.5555555555555556,0.3333333333333333,0.5555555555555556,0.0,0.3333333333333333,0.2222222222222222,0.0,0.4443329989969911
0.43776223776223766,0.14285714285714285,0.0,0.0,0.0,0.0,0.1111111111111111,0.0,0.2222222222222222,0.0,0.0,0.03510531594784361
0.6419580419580431,0.14285714285714285,0.4444444444444445,0.0,0.0,0.0,0.1111111111111111,0.0,0.0,0.0,0.0,0.6529588766298897
0.22377622377622508,0.14285714285714285,0.0,0.0,0.0,0.0,0.1111111111111111,0.0,0.0,0.0,0.0,0.6900702106318957
0.38601398601398706,0.42857142857142855,0.7777777777777777,0.3333333333333333,0.6666666666666665,0.0,0.2222222222222222,1.0,0.2222222222222222,0.8888888888888888,0.1111111111111111,0.25175526579739227
0.267132867132867,0.14285714285714285,0.1111111111111111,0.0,0.0,0.0,0.0,0.0,0.2222222222222222,0.0,0.0,0.028084252758274753
0.5384615384615383,0.14285714285714285,0.2222222222222222,0.0,0.0,0.3333333333333333,0.2222222222222222,0.0,0.1111111111111111,0.1111111111111111,0.0,0.5135406218655969
0.5776223776223777,0.14285714285714285,0.3333333333333333,0.1111111111111111,0.1111111111111111,0.0,0.1111111111111111,0.0,0.1111111111111111,0.0,0.0,0.9077231695085255
0.686713286713287,0.42857142857142855,0.8888888888888888,1.0,1.0,1.0,1.0,0.4444444444444445,1.0,1.0,1.0,0.8134403209628887
0.4797202797202793,0.14285714285714285,0.0,0.0,0.0,0.0,0.1111111111111111,0.0,0.2222222222222222,0.0,0.0,0.5005015045135406
0.430769230769231,0.42857142857142855,1.0,1.0,1.0,0.6666666666666665,0.8888888888888888,1.0,0.6666666666666665,1.0,1.0,0.46339017051153464
0.9244755244755254,0.14285714285714285,0.2222222222222222,0.0,0.0,0.0,0.1111111111111111,0.0,0.1111111111111111,0.0,0.0,0.014042126379137487
0.18181818181818166,0.42857142857142855,0.4444444444444445,0.3333333333333333,0.5555555555555556,0.6666666666666665,0.8888888888888888,0.6666666666666665,0.7777777777777777,1.0,0.0,0.9729187562688064
0.9272727272727277,0.14285714285714285,0.0,0.0,0.0,0.2222222222222222,0.1111111111111111,0.0,0.0,0.0,0.0,0.1755265797392176
0.13846153846153975,0.14285714285714285,0.0,0.0,0.0,0.0,0.1111111111111111,0.0,0.1111111111111111,0.0,0.0,0.31895687061183553
0.5202797202797207,0.42857142857142855,0.5555555555555556,1.0,1.0,1.0,0.7777777777777777,1.0,0.6666666666666665,1.0,0.6666666666666665,0.6629889669007021
0.12167832167832238,0.14285714285714285,0.3333333333333333,0.0,0.0,0.1111111111111111,0.1111111111111111,0.0,0.1111111111111111,0.0,0.0,0.2838515546639919
0.640559440559441,0.14285714285714285,0.3333333333333333,0.0,0.0,0.2222222222222222,0.0,0.0,0.1111111111111111,0.0,0.0,0.5225677031093281
0.4615384615384617,0.14285714285714285,0.0,0.0,0.0,0.0,0.1111111111111111,0.0,0.2222222222222222,0.0,0.0,0.868605817452357
0.2993006993006997,0.14285714285714285,0.0,0.0,0.0,0.0,0.0,0.0,0.2222222222222222,0.0,0.0,0.8214643931795387
0.651748251748252,0.14285714285714285,0.4444444444444445,0.0,0.1111111111111111,0.0,0.1111111111111111,0.0,0.0,0.0,0.0,0.7963891675025074
0.1692307692307704,0.14285714285714285,0.0,0.0,0.0,0.0,0.1111111111111111,0.4444444444444445,0.0,0.0,0.0,0.3239719157472418
0.8587412587412597,0.14285714285714285,0.4444444444444445,0.1111111111111111,0.3333333333333333,0.0,0.0,0.0,0.0,0.0,0.0,0.7171514543630892
0.027972027972028357,0.42857142857142855,0.7777777777777777,0.6666666666666665,0.4444444444444445,1.0,0.6666666666666665,0.8888888888888888,0.4444444444444445,0.4444444444444445,0.3333333333333333,0.765295887662989
0.9790209790209801,0.14285714285714285,0.0,0.0,0.0,0.0,0.1111111111111111,0.0,0.0,0.0,0.0,0.1053159478435306
0.0993006993007004,0.42857142857142855,1.0,0.3333333333333333,0.1111111111111111,0.0,0.2222222222222222,0.1111111111111111,0.3333333333333333,0.2222222222222222,1.0,0.47241725175526583
0.1482517482517487,0.42857142857142855,1.0,0.2222222222222222,0.4444444444444445,0.0,1.0,0.4444444444444445,0.2222222222222222,1.0,0.1111111111111111,0.7131394182547643
0.3776223776223784,0.42857142857142855,0.6666666666666665,0.8888888888888888,0.3333333333333333,1.0,1.0,0.2222222222222222,0.4444444444444445,0.2222222222222222,0.2222222222222222,0.0
0.6083916083916083,0.14285714285714285,0.0,0.0,0.0,0.0,0.1111111111111111,0.0,0.1111111111111111,0.0,0.0,0.15045135406218657
0.1426573426573423,0.14285714285714285,0.1111111111111111,0.0,0.0,0.1111111111111111,0.1111111111111111,0.0,0.0,0.0,0.0,0.16048144433299893
